id,bank,close_price,high_price,history,low_price,open_price,volume
102,"Garanti BBVA",115.4,116.2,"Sep 2, 2024",112.4,112.6,38248910
103,"Garanti BBVA",113.7,116.1,"Sep 3, 2024",113.5,115.4,24545695
104,"Garanti BBVA",114.1,114.4,"Sep 4, 2024",111.7,111.9,26146097
105,"Garanti BBVA",113.5,115.3,"Sep 5, 2024",112.2,114.8,21147590
106,"Garanti BBVA",112.1,114.5,"Sep 6, 2024",112,113.6,18338807
107,"Garanti BBVA",0,0,"Sep 7, 2024",0,0,0
108,"Garanti BBVA",0,0,"Sep 8, 2024",0,0,0
109,"Garanti BBVA",108,111.1,"Sep 9, 2024",107.6,110.7,15466863
110,"Garanti BBVA",106.6,108.9,"Sep 10, 2024",104.5,108.2,18310553
111,"Garanti BBVA",106.2,108.8,"Sep 11, 2024",104.9,106.6,19480406
112,"Garanti BBVA",109.7,109.8,"Sep 12, 2024",104.5,107.4,24794121
113,"Garanti BBVA",111,112.7,"Sep 13, 2024",107.7,109.5,22791953
114,"Garanti BBVA",0,0,"Sep 14, 2024",0,0,0
115,"Garanti BBVA",0,0,"Sep 15, 2024",0,0,0
116,"Garanti BBVA",111.6,113.3,"Sep 16, 2024",110.2,110.7,19562271
117,"Garanti BBVA",113,114,"Sep 17, 2024",111.7,112.1,16038598
118,"Garanti BBVA",114.2,115.4,"Sep 18, 2024",112.5,112.8,16303380
119,"Garanti BBVA",115.5,116.6,"Sep 19, 2024",114.8,116.1,8188632
120,"Garanti BBVA",128.6,131.2,"Aug 1, 2024",125.9,126.9,27123147
121,"Garanti BBVA",124.2,127.8,"Aug 2, 2024",123.4,126.9,20542978
122,"Garanti BBVA",0,0,"Aug 3, 2024",0,0,0
123,"Garanti BBVA",0,0,"Aug 4, 2024",0,0,0
124,"Garanti BBVA",119.9,121.5,"Aug 5, 2024",114,114,25176221
125,"Garanti BBVA",117.3,124.5,"Aug 6, 2024",117.3,123.5,21696241
126,"Garanti BBVA",116,119.6,"Aug 7, 2024",114.7,118.4,21518186
127,"Garanti BBVA",114.1,116.6,"Aug 8, 2024",113.2,115.7,16215076
128,"Garanti BBVA",110.6,116.1,"Aug 9, 2024",110,114.8,18500270
129,"Garanti BBVA",0,0,"Aug 10, 2024",0,0,0
130,"Garanti BBVA",0,0,"Aug 11, 2024",0,0,0
131,"Garanti BBVA",112.8,114.2,"Aug 12, 2024",110.3,111.4,16003383
132,"Garanti BBVA",116.2,116.4,"Aug 13, 2024",109.9,112.4,21882995
133,"Garanti BBVA",113,117.9,"Aug 14, 2024",112.8,117,20553425
134,"Garanti BBVA",114,114.7,"Aug 15, 2024",111.7,113.5,22471648
135,"Garanti BBVA",109,114.5,"Aug 16, 2024",109,114.3,24182456
136,"Garanti BBVA",0,0,"Aug 17, 2024",0,0,0
137,"Garanti BBVA",0,0,"Aug 18, 2024",0,0,0
138,"Garanti BBVA",111.7,111.9,"Aug 19, 2024",108.4,109.7,22851257
139,"Garanti BBVA",112,113.5,"Aug 20, 2024",110.7,111.1,22826510
140,"Garanti BBVA",112.4,113.8,"Aug 21, 2024",111.6,112,16190415
141,"Garanti BBVA",114,115.1,"Aug 22, 2024",112.1,113.1,20486407
142,"Garanti BBVA",109,114,"Aug 23, 2024",108.3,114,17537919
143,"Garanti BBVA",0,0,"Aug 24, 2024",0,0,0
144,"Garanti BBVA",0,0,"Aug 25, 2024",0,0,0
145,"Garanti BBVA",108.8,110.8,"Aug 26, 2024",107.2,109.9,22279723
146,"Garanti BBVA",112,112,"Aug 27, 2024",108,109,16851863
147,"Garanti BBVA",110.8,112.8,"Aug 28, 2024",107.5,112.5,17848878
179,"Garanti BBVA",110.7,113.5,"Jul 1, 2024",107.7,112.7,19521161
180,"Garanti BBVA",113,113.4,"Jul 2, 2024",110.3,110.9,20298380
181,"Garanti BBVA",118.8,118.9,"Jul 3, 2024",113,113.6,26580992
182,"Garanti BBVA",119,121,"Jul 4, 2024",117.4,121,22935842
183,"Garanti BBVA",122.4,123.5,"Jul 5, 2024",119.9,120.8,28390412
184,"Garanti BBVA",0,0,"Jul 6, 2024",0,0,0
185,"Garanti BBVA",0,0,"Jul 7, 2024",0,0,0
186,"Garanti BBVA",123.8,125.5,"Jul 8, 2024",122.5,123.1,19936773
187,"Garanti BBVA",122.7,125.7,"Jul 9, 2024",121.8,124.2,17512242
188,"Garanti BBVA",123.3,124.7,"Jul 10, 2024",119.7,123,22768112
189,"Garanti BBVA",132.4,132.4,"Jul 11, 2024",125,125.5,29619674
190,"Garanti BBVA",132.5,136.8,"Jul 12, 2024",129.9,132.5,30617785
191,"Garanti BBVA",0,0,"Jul 13, 2024",0,0,0
192,"Garanti BBVA",0,0,"Jul 14, 2024",0,0,0
193,"Garanti BBVA",0,0,"Jul 15, 2024",0,0,0
194,"Garanti BBVA",132.9,138.3,"Jul 16, 2024",132,133.5,33738090
195,"Garanti BBVA",132.5,133.5,"Jul 17, 2024",130.2,133.2,20443752
196,"Garanti BBVA",130,134.9,"Jul 18, 2024",128.9,133.3,24035686
197,"Garanti BBVA",131.2,131.8,"Jul 19, 2024",129,129.9,19622234
198,"Garanti BBVA",0,0,"Jul 20, 2024",0,0,0
199,"Garanti BBVA",0,0,"Jul 21, 2024",0,0,0
200,"Garanti BBVA",128.9,132.8,"Jul 22, 2024",128.7,131.6,19517005
201,"Garanti BBVA",125.5,129.3,"Jul 23, 2024",124.7,129,22728202
202,"Garanti BBVA",126.8,128.2,"Jul 24, 2024",122.7,125,18497381
203,"Garanti BBVA",124.8,127.2,"Jul 25, 2024",122.6,125.5,16138139
204,"Garanti BBVA",124.8,126.7,"Jul 26, 2024",123.1,125,20303287
205,"Garanti BBVA",0,0,"Jul 27, 2024",0,0,0
206,"Garanti BBVA",0,0,"Jul 28, 2024",0,0,0
207,"Garanti BBVA",126.2,127.3,"Jul 29, 2024",123.2,123.5,14740586
208,"Garanti BBVA",118.6,127.9,"Jul 30, 2024",117.9,126.4,26532833
209,"Garanti BBVA",123.8,125.7,"Jul 31, 2024",119.5,120,34789954
210,"Garanti BBVA",108.6,109.5,"Jun 3, 2024",104.6,107.3,23553566
211,"Garanti BBVA",104.3,110.9,"Jun 4, 2024",103.9,108.6,20963793
212,"Garanti BBVA",104.6,106.4,"Jun 5, 2024",103.1,104.7,15641930
213,"Garanti BBVA",102.7,106.5,"Jun 6, 2024",102.7,105.1,12058485
214,"Garanti BBVA",99.95,104,"Jun 7, 2024",99.15,103.3,11584441
215,"Garanti BBVA",0,0,"Jun 8, 2024",0,0,0
216,"Garanti BBVA",0,0,"Jun 9, 2024",0,0,0
217,"Garanti BBVA",98.45,100.6,"Jun 10, 2024",97.75,99.95,13330130
218,"Garanti BBVA",102.7,103.4,"Jun 11, 2024",98.2,98.25,16620547
219,"Garanti BBVA",103,104.3,"Jun 12, 2024",100.7,102.7,15913691
220,"Garanti BBVA",103,106.2,"Jun 13, 2024",102.2,104,14295018
221,"Garanti BBVA",104.9,108.5,"Jun 14, 2024",103.2,105.7,23642853
222,"Garanti BBVA",0,0,"Jun 15, 2024",0,0,0
223,"Garanti BBVA",0,0,"Jun 16, 2024",0,0,0
224,"Garanti BBVA",0,0,"Jun 17, 2024",0,0,0
225,"Garanti BBVA",0,0,"Jun 18, 2024",0,0,0
226,"Garanti BBVA",0,0,"Jun 19, 2024",0,0,0
227,"Garanti BBVA",110.8,110.8,"Jun 20, 2024",105.3,106.8,21840551
228,"Garanti BBVA",111.8,113.5,"Jun 21, 2024",110.3,111,21941605
229,"Garanti BBVA",0,0,"Jun 22, 2024",0,0,0
230,"Garanti BBVA",0,0,"Jun 23, 2024",0,0,0
231,"Garanti BBVA",114.1,114.4,"Jun 24, 2024",111.6,112,15789670
232,"Garanti BBVA",113.1,115.2,"Jun 25, 2024",111.3,114.5,15014759
233,"Garanti BBVA",113,114.1,"Jun 26, 2024",111.5,113.1,13031571
234,"Garanti BBVA",116.7,116.8,"Jun 27, 2024",112.8,113.5,19261025
235,"Garanti BBVA",112.4,118.8,"Jun 28, 2024",110.8,117.6,23597131
236,"Garanti BBVA",83.6,84.2,"May 2, 2024",82.05,83.1,24252253
237,"Garanti BBVA",84.95,85.35,"May 3, 2024",83.5,84.2,17804107
238,"Garanti BBVA",0,0,"May 4, 2024",0,0,0
239,"Garanti BBVA",0,0,"May 5, 2024",0,0,0
240,"Garanti BBVA",84.3,85.5,"May 6, 2024",83.05,84.95,16108282
241,"Garanti BBVA",86.85,86.95,"May 7, 2024",83.1,84.35,24629413
242,"Garanti BBVA",86,88.4,"May 8, 2024",85.1,86.95,13202458
243,"Garanti BBVA",89.25,89.85,"May 9, 2024",86.7,86.75,26190963
244,"Garanti BBVA",86.5,89.95,"May 10, 2024",86.5,89.4,15264443
245,"Garanti BBVA",0,0,"May 11, 2024",0,0,0
246,"Garanti BBVA",0,0,"May 12, 2024",0,0,0
247,"Garanti BBVA",86.2,87.85,"May 13, 2024",85.85,86.65,18024895
248,"Garanti BBVA",90,91.15,"May 14, 2024",87.75,88.1,26296830
249,"Garanti BBVA",87.85,90.45,"May 15, 2024",86.35,90.3,33720846
250,"Garanti BBVA",88.8,89.3,"May 16, 2024",88.05,88.25,37387709
251,"Garanti BBVA",94.15,94.15,"May 17, 2024",88.7,88.85,31398368
252,"Garanti BBVA",0,0,"May 18, 2024",0,0,0
253,"Garanti BBVA",0,0,"May 19, 2024",0,0,0
254,"Garanti BBVA",95.85,97.4,"May 20, 2024",94.15,94.25,22796917
255,"Garanti BBVA",101.3,105.4,"May 21, 2024",96.25,96.25,50085601
256,"Garanti BBVA",100.7,102,"May 22, 2024",99,101.2,26984626
257,"Garanti BBVA",100,102.5,"May 23, 2024",99.85,100.1,22484991
258,"Garanti BBVA",99.25,100.6,"May 24, 2024",98.6,100.4,13146706
259,"Garanti BBVA",0,0,"May 25, 2024",0,0,0
260,"Garanti BBVA",0,0,"May 26, 2024",0,0,0
261,"Garanti BBVA",98.6,100.5,"May 27, 2024",98.05,99.5,16870183
262,"Garanti BBVA",100.2,101.1,"May 28, 2024",98.2,98.95,29928686
263,"Garanti BBVA",99.7,102,"May 29, 2024",99,100.4,20437927
264,"Garanti BBVA",102.6,102.6,"May 30, 2024",99.9,100.2,20663252
265,"Garanti BBVA",107.8,110.4,"May 31, 2024",102.9,103,36751484
266,"Garanti BBVA",69.8,72.9,"Apr 1, 2024",67.55,69.5,27219775
267,"Garanti BBVA",70.1,71.9,"Apr 2, 2024",69.5,69.85,35198185
268,"Garanti BBVA",69.6,70.95,"Apr 3, 2024",68.9,70,20349141
269,"Garanti BBVA",72.35,73.4,"Apr 4, 2024",69.45,69.85,40655105
270,"Garanti BBVA",74.3,76.15,"Apr 5, 2024",72.5,74.65,32337253
271,"Garanti BBVA",0,0,"Apr 6, 2024",0,0,0
272,"Garanti BBVA",0,0,"Apr 7, 2024",0,0,0
273,"Garanti BBVA",74.15,76.45,"Apr 8, 2024",74,74.55,20752790
274,"Garanti BBVA",0,0,"Apr 9, 2024",0,0,0
275,"Garanti BBVA",0,0,"Apr 10, 2024",0,0,0
276,"Garanti BBVA",0,0,"Apr 11, 2024",0,0,0
277,"Garanti BBVA",0,0,"Apr 12, 2024",0,0,0
278,"Garanti BBVA",0,0,"Apr 13, 2024",0,0,0
279,"Garanti BBVA",0,0,"Apr 14, 2024",0,0,0
280,"Garanti BBVA",74.6,75.7,"Apr 15, 2024",73.65,74.1,23868610
281,"Garanti BBVA",70.6,75.4,"Apr 16, 2024",70.6,74.35,26419769
282,"Garanti BBVA",73.8,75,"Apr 17, 2024",70.85,70.85,33953332
283,"Garanti BBVA",74,74.85,"Apr 18, 2024",73.55,74.25,19527233
284,"Garanti BBVA",78.7,78.8,"Apr 19, 2024",73.25,73.55,30127936
285,"Garanti BBVA",0,0,"Apr 20, 2024",0,0,0
286,"Garanti BBVA",0,0,"Apr 21, 2024",0,0,0
287,"Garanti BBVA",76.45,80.75,"Apr 22, 2024",76.45,80.1,21434323
288,"Garanti BBVA",0,0,"Apr 23, 2024",0,0,0
289,"Garanti BBVA",79.7,80,"Apr 24, 2024",77.1,77.1,20996211
290,"Garanti BBVA",79.1,80.7,"Apr 25, 2024",77.55,79.95,16495362
291,"Garanti BBVA",80.85,82.1,"Apr 26, 2024",79.3,79.5,24103533
292,"Garanti BBVA",0,0,"Apr 27, 2024",0,0,0
293,"Garanti BBVA",0,0,"Apr 28, 2024",0,0,0
294,"Garanti BBVA",81.95,82.8,"Apr 29, 2024",80.25,81.5,19436873
295,"Garanti BBVA",82.45,84.65,"Apr 30, 2024",81.8,82.05,27651579
296,"Garanti BBVA",61.85,63.4,"Mar 1, 2024",61.75,63.1,20175496
297,"Garanti BBVA",0,0,"Mar 2, 2024",0,0,0
298,"Garanti BBVA",0,0,"Mar 3, 2024",0,0,0
299,"Garanti BBVA",60.25,62.8,"Mar 4, 2024",59.9,62.1,20743774
300,"Garanti BBVA",59.8,61.35,"Mar 5, 2024",59.5,60.35,26402602
301,"Garanti BBVA",59,60.35,"Mar 6, 2024",58.6,59.5,26497367
302,"Garanti BBVA",62.1,62.1,"Mar 7, 2024",59.25,59.3,26192056
303,"Garanti BBVA",63.5,63.85,"Mar 8, 2024",61.5,62.2,37657003
304,"Garanti BBVA",0,0,"Mar 9, 2024",0,0,0
305,"Garanti BBVA",0,0,"Mar 10, 2024",0,0,0
306,"Garanti BBVA",63,66.6,"Mar 11, 2024",63,66.4,48191463
307,"Garanti BBVA",64.25,65.45,"Mar 12, 2024",62.55,63.15,45364832
308,"Garanti BBVA",63.25,64.95,"Mar 13, 2024",61.5,64.3,42112367
309,"Garanti BBVA",61.65,64.35,"Mar 14, 2024",60.85,63.55,25463829
310,"Garanti BBVA",60.9,62.6,"Mar 15, 2024",60.55,61.5,19105710
311,"Garanti BBVA",0,0,"Mar 16, 2024",0,0,0
312,"Garanti BBVA",0,0,"Mar 17, 2024",0,0,0
313,"Garanti BBVA",61.35,62.85,"Mar 18, 2024",60.7,61.4,20322939
314,"Garanti BBVA",63.8,64.1,"Mar 19, 2024",60.9,61.35,33378342
315,"Garanti BBVA",64.2,64.75,"Mar 20, 2024",63.2,63.55,32009831
316,"Garanti BBVA",67.95,68.5,"Mar 21, 2024",64.4,64.65,70194062
317,"Garanti BBVA",68.8,70.5,"Mar 22, 2024",67.6,67.8,40240747
318,"Garanti BBVA",0,0,"Mar 23, 2024",0,0,0
319,"Garanti BBVA",0,0,"Mar 24, 2024",0,0,0
320,"Garanti BBVA",68.95,72,"Mar 25, 2024",68.35,68.9,49817005
321,"Garanti BBVA",68.7,70.9,"Mar 26, 2024",68.45,69.25,36699068
322,"Garanti BBVA",68.7,69.5,"Mar 27, 2024",67.65,68.9,24146763
323,"Garanti BBVA",71.5,72.4,"Mar 28, 2024",69.05,69.05,43756272
324,"Garanti BBVA",64.75,65.85,"Feb 1, 2024",63.45,63.45,30611971
325,"Garanti BBVA",63.9,65.7,"Feb 2, 2024",63.65,64.6,24516446
326,"Garanti BBVA",0,0,"Feb 3, 2024",0,0,0
327,"Garanti BBVA",0,0,"Feb 4, 2024",0,0,0
328,"Garanti BBVA",64.95,66.45,"Feb 5, 2024",64.25,65.2,25716069
329,"Garanti BBVA",65.05,65.7,"Feb 6, 2024",64.1,64.95,39001668
330,"Garanti BBVA",64,65.65,"Feb 7, 2024",64,65.2,33900071
331,"Garanti BBVA",64.3,65.15,"Feb 8, 2024",64,64,25022297
332,"Garanti BBVA",64.45,65.25,"Feb 9, 2024",63.15,64.4,29880133
333,"Garanti BBVA",0,0,"Feb 10, 2024",0,0,0
334,"Garanti BBVA",0,0,"Feb 11, 2024",0,0,0
335,"Garanti BBVA",65.85,65.95,"Feb 12, 2024",64.25,65,34156483
336,"Garanti BBVA",64.65,66.65,"Feb 13, 2024",64.65,66,39231796
337,"Garanti BBVA",64.05,64.95,"Feb 14, 2024",63.15,64.75,34286513
338,"Garanti BBVA",65.6,66.15,"Feb 15, 2024",64.25,64.25,36930585
339,"Garanti BBVA",65.9,66.45,"Feb 16, 2024",65.25,65.7,24075860
340,"Garanti BBVA",0,0,"Feb 17, 2024",0,0,0
341,"Garanti BBVA",0,0,"Feb 18, 2024",0,0,0
342,"Garanti BBVA",66.7,68.3,"Feb 19, 2024",66.3,66.4,44089893
343,"Garanti BBVA",68,68.5,"Feb 20, 2024",66.3,66.8,42317867
344,"Garanti BBVA",68.4,69.6,"Feb 21, 2024",67.55,68.3,32293760
345,"Garanti BBVA",65.95,69.35,"Feb 22, 2024",65.5,68.9,73537487
346,"Garanti BBVA",66.35,66.7,"Feb 23, 2024",65.4,66.05,43386925
347,"Garanti BBVA",0,0,"Feb 24, 2024",0,0,0
348,"Garanti BBVA",0,0,"Feb 25, 2024",0,0,0
349,"Garanti BBVA",65,66.45,"Feb 26, 2024",64.3,66.4,31945009
350,"Garanti BBVA",63.5,65.5,"Feb 27, 2024",63.5,65.15,23868328
351,"Garanti BBVA",62.55,64.2,"Feb 28, 2024",62.55,63.6,22093502
352,"Garanti BBVA",63.1,63.65,"Feb 29, 2024",62.35,62.8,26890578
353,"Garanti BBVA",58.85,60.15,"Jan 2, 2024",58.25,59.3,16881291
354,"Garanti BBVA",56.5,59.15,"Jan 3, 2024",56.3,58.6,20141213
355,"Garanti BBVA",57.6,57.75,"Jan 4, 2024",55,56.4,31275024
356,"Garanti BBVA",57.4,58,"Jan 5, 2024",56.55,57.7,22935879
357,"Garanti BBVA",0,0,"Jan 6, 2024",0,0,0
358,"Garanti BBVA",0,0,"Jan 7, 2024",0,0,0
359,"Garanti BBVA",62.1,62.75,"Jan 8, 2024",58.3,58.3,62599601
360,"Garanti BBVA",62.6,63.7,"Jan 9, 2024",61.25,62.4,60396241
361,"Garanti BBVA",63.8,64.45,"Jan 10, 2024",62.35,62.5,41187587
362,"Garanti BBVA",65.6,68.7,"Jan 11, 2024",64,64.25,48524495
363,"Garanti BBVA",67.8,69.2,"Jan 12, 2024",64.65,65.4,66351606
364,"Garanti BBVA",0,0,"Jan 13, 2024",0,0,0
365,"Garanti BBVA",0,0,"Jan 14, 2024",0,0,0
366,"Garanti BBVA",66.5,67.65,"Jan 15, 2024",66.15,67.05,30258890
367,"Garanti BBVA",63.75,67.35,"Jan 16, 2024",63.4,66.4,41142548
368,"Garanti BBVA",63.4,64.5,"Jan 17, 2024",62.9,63.5,29536066
369,"Garanti BBVA",62.95,65.3,"Jan 18, 2024",62.8,64.95,28400991
370,"Garanti BBVA",63.55,64.05,"Jan 19, 2024",61.9,63.25,31685876
371,"Garanti BBVA",0,0,"Jan 20, 2024",0,0,0
372,"Garanti BBVA",0,0,"Jan 21, 2024",0,0,0
373,"Garanti BBVA",62.4,63.25,"Jan 22, 2024",61.65,63.2,27428721
374,"Garanti BBVA",60.25,63.35,"Jan 23, 2024",59.85,63,39476717
375,"Garanti BBVA",62.3,63.65,"Jan 24, 2024",60.3,60.65,46864332
376,"Garanti BBVA",62.05,63.6,"Jan 25, 2024",61.75,62.5,32847801
377,"Garanti BBVA",63.15,63.4,"Jan 26, 2024",61.55,62.2,33307202
378,"Garanti BBVA",0,0,"Jan 27, 2024",0,0,0
379,"Garanti BBVA",0,0,"Jan 28, 2024",0,0,0
380,"Garanti BBVA",63.4,64.05,"Jan 29, 2024",62.5,63.85,25433993
381,"Garanti BBVA",63.6,64.4,"Jan 30, 2024",62.35,64.1,49008987
382,"Garanti BBVA",63.5,64.3,"Jan 31, 2024",62.6,63.65,27691383
383,"Garanti BBVA",56.45,57.2,"Dec 1, 2023",55.4,56.05,38562941
384,"Garanti BBVA",0,0,"Dec 2, 2023",0,0,0
385,"Garanti BBVA",0,0,"Dec 3, 2023",0,0,0
386,"Garanti BBVA",57.9,57.9,"Dec 4, 2023",55.2,56.6,43128827
387,"Garanti BBVA",58.45,59,"Dec 5, 2023",57.4,57.9,37760496
388,"Garanti BBVA",60,62.1,"Dec 6, 2023",58.3,58.45,51921537
389,"Garanti BBVA",59.4,60.1,"Dec 7, 2023",57.05,60,34012271
390,"Garanti BBVA",57.7,60.65,"Dec 8, 2023",57.1,59.6,33694534
391,"Garanti BBVA",0,0,"Dec 9, 2023",0,0,0
392,"Garanti BBVA",0,0,"Dec 10, 2023",0,0,0
393,"Garanti BBVA",56.45,58.15,"Dec 11, 2023",56.15,57.6,27831613
394,"Garanti BBVA",59.4,59.95,"Dec 12, 2023",56.15,56.3,47770958
395,"Garanti BBVA",58.9,61.75,"Dec 13, 2023",58.35,59.1,53663940
396,"Garanti BBVA",62.5,63,"Dec 14, 2023",59.15,60.15,51302169
397,"Garanti BBVA",62.05,64.2,"Dec 15, 2023",61.75,62.9,44635855
398,"Garanti BBVA",0,0,"Dec 16, 2023",0,0,0
399,"Garanti BBVA",0,0,"Dec 17, 2023",0,0,0
400,"Garanti BBVA",62.1,62.8,"Dec 18, 2023",61.25,61.5,27233832
401,"Garanti BBVA",60.6,62.6,"Dec 19, 2023",59.9,62.1,25799684
402,"Garanti BBVA",62.5,62.8,"Dec 20, 2023",60.15,60.6,31614066
403,"Garanti BBVA",62.25,63.6,"Dec 21, 2023",61.2,62.95,39549879
404,"Garanti BBVA",60.3,62.55,"Dec 22, 2023",60.05,62.35,30220754
405,"Garanti BBVA",0,0,"Dec 23, 2023",0,0,0
406,"Garanti BBVA",0,0,"Dec 24, 2023",0,0,0
407,"Garanti BBVA",57.7,60.1,"Dec 25, 2023",56.85,59.8,15474017
408,"Garanti BBVA",56.2,58.4,"Dec 26, 2023",54.7,58.2,33919418
409,"Garanti BBVA",55.75,56.45,"Dec 27, 2023",55.25,56,24508620
410,"Garanti BBVA",56.3,57.2,"Dec 28, 2023",55.5,56.5,20041745
411,"Garanti BBVA",58.35,58.6,"Dec 29, 2023",56.2,56.25,22696671
412,"Garanti BBVA",46.66,47.7,"Nov 1, 2023",45.08,47.3,36363723
413,"Garanti BBVA",47.6,48.5,"Nov 2, 2023",46.62,47,33106068
414,"Garanti BBVA",48.18,48.2,"Nov 3, 2023",46.8,47.66,32187897
415,"Garanti BBVA",0,0,"Nov 4, 2023",0,0,0
416,"Garanti BBVA",0,0,"Nov 5, 2023",0,0,0
417,"Garanti BBVA",50.15,50.45,"Nov 6, 2023",48.6,48.62,26710135
418,"Garanti BBVA",49.78,50.4,"Nov 7, 2023",49.22,50.2,20374873
419,"Garanti BBVA",48.74,50.45,"Nov 8, 2023",48.56,50.1,30469849
420,"Garanti BBVA",48.34,49.14,"Nov 9, 2023",47.88,48.24,26953547
421,"Garanti BBVA",47.8,48.88,"Nov 10, 2023",47.6,48.38,21864447
422,"Garanti BBVA",0,0,"Nov 11, 2023",0,0,0
423,"Garanti BBVA",0,0,"Nov 12, 2023",0,0,0
424,"Garanti BBVA",45.92,47.48,"Nov 13, 2023",45.66,47.26,28020376
425,"Garanti BBVA",46.4,46.88,"Nov 14, 2023",45.24,46,35135582
426,"Garanti BBVA",46.2,46.86,"Nov 15, 2023",45.98,46.7,30971304
427,"Garanti BBVA",47.32,47.58,"Nov 16, 2023",46.26,46.28,26185565
428,"Garanti BBVA",47.42,47.84,"Nov 17, 2023",47,47.24,24538472
429,"Garanti BBVA",0,0,"Nov 18, 2023",0,0,0
430,"Garanti BBVA",0,0,"Nov 19, 2023",0,0,0
431,"Garanti BBVA",48.64,49.02,"Nov 20, 2023",47.76,47.78,23468846
432,"Garanti BBVA",49.04,49.58,"Nov 21, 2023",48.32,49,28706121
433,"Garanti BBVA",49.44,49.8,"Nov 22, 2023",48.58,49.02,32303880
434,"Garanti BBVA",50.25,51.7,"Nov 23, 2023",49.5,49.6,58179787
435,"Garanti BBVA",51.65,52,"Nov 24, 2023",49.36,50.25,38209670
436,"Garanti BBVA",0,0,"Nov 25, 2023",0,0,0
437,"Garanti BBVA",0,0,"Nov 26, 2023",0,0,0
438,"Garanti BBVA",54.75,55.25,"Nov 27, 2023",52.55,53.25,53303684
439,"Garanti BBVA",54.5,55.7,"Nov 28, 2023",53.9,54.2,47035851
440,"Garanti BBVA",54.25,55,"Nov 29, 2023",53.45,54.5,23926508
441,"Garanti BBVA",54.05,55.4,"Nov 30, 2023",53.6,54,24673499
442,"Garanti BBVA",54,55.05,"Oct 2, 2023",53.05,53.8,56418434
443,"Garanti BBVA",53.3,54.3,"Oct 3, 2023",52.4,54.2,32361981
444,"Garanti BBVA",51.7,53.75,"Oct 4, 2023",51.7,53.25,36116949
445,"Garanti BBVA",52.7,52.95,"Oct 5, 2023",50.35,52.1,50449835
446,"Garanti BBVA",51.6,52.8,"Oct 6, 2023",51.45,52,31455272
447,"Garanti BBVA",0,0,"Oct 7, 2023",0,0,0
448,"Garanti BBVA",0,0,"Oct 8, 2023",0,0,0
449,"Garanti BBVA",49.8,51.05,"Oct 9, 2023",49.5,50.25,38848549
450,"Garanti BBVA",51,51.3,"Oct 10, 2023",50.15,50.7,32884966
451,"Garanti BBVA",50.9,52.1,"Oct 11, 2023",50.25,51.05,32255893
452,"Garanti BBVA",50,51.95,"Oct 12, 2023",48.94,51.4,36017420
453,"Garanti BBVA",48.6,49.94,"Oct 13, 2023",48.48,49.5,24585838
454,"Garanti BBVA",0,0,"Oct 14, 2023",0,0,0
455,"Garanti BBVA",0,0,"Oct 15, 2023",0,0,0
456,"Garanti BBVA",48.34,49.34,"Oct 16, 2023",47.76,49.2,24391127
457,"Garanti BBVA",49.42,49.54,"Oct 17, 2023",48.06,48.36,28793380
458,"Garanti BBVA",47.38,48.9,"Oct 18, 2023",47.26,48,25973892
459,"Garanti BBVA",46.24,47.98,"Oct 19, 2023",46.04,47.38,43956505
460,"Garanti BBVA",44.62,45.94,"Oct 20, 2023",44.16,45.7,28937551
461,"Garanti BBVA",0,0,"Oct 21, 2023",0,0,0
462,"Garanti BBVA",0,0,"Oct 22, 2023",0,0,0
463,"Garanti BBVA",46,46.04,"Oct 23, 2023",44.52,45.06,29792228
464,"Garanti BBVA",49.7,50.6,"Oct 24, 2023",46.06,46.5,51172575
465,"Garanti BBVA",45.5,50.2,"Oct 25, 2023",45.42,49.82,35806691
466,"Garanti BBVA",47.74,48.58,"Oct 26, 2023",45.44,46.22,65728529
467,"Garanti BBVA",49.12,49.88,"Oct 27, 2023",47.52,47.88,47721147
468,"Garanti BBVA",0,0,"Oct 28, 2023",0,0,0
469,"Garanti BBVA",0,0,"Oct 29, 2023",0,0,0
470,"Garanti BBVA",48.44,50.3,"Oct 30, 2023",47.88,49.02,34875994
471,"Garanti BBVA",47,49.32,"Oct 31, 2023",46.82,49,34643918
472,"Garanti BBVA",50.05,50.45,"Sep 19, 2023",49.02,49.66,43317515
473,"Garanti BBVA",51.5,52.95,"Sep 20, 2023",49.84,50.05,64818497
474,"Garanti BBVA",52,53.5,"Sep 21, 2023",50.4,51.5,104964637
475,"Garanti BBVA",50.8,52.3,"Sep 22, 2023",50.8,52,52605579
476,"Garanti BBVA",0,0,"Sep 23, 2023",0,0,0
477,"Garanti BBVA",0,0,"Sep 24, 2023",0,0,0
478,"Garanti BBVA",51.55,52.2,"Sep 25, 2023",50.8,50.95,56997929
479,"Garanti BBVA",51.45,52.9,"Sep 26, 2023",51.3,51.85,59341332
480,"Garanti BBVA",50.8,51.85,"Sep 27, 2023",50.65,51.6,42455913
481,"Garanti BBVA",51.1,51.6,"Sep 28, 2023",50.9,50.95,44031830
482,"Garanti BBVA",53.25,54.6,"Sep 29, 2023",51.4,51.4,75151115
483,Akbank,61.45,61.45,"Sep 2, 2024",58.65,58.7,65892355
484,Akbank,60.95,62,"Sep 3, 2024",60.25,61.45,39817678
485,Akbank,61.1,61.3,"Sep 4, 2024",60,60.1,52460289
486,Akbank,60.6,61.9,"Sep 5, 2024",59.75,61.65,73000159
487,Akbank,59.65,61.15,"Sep 6, 2024",59.6,60.65,47969697
488,Akbank,0,0,"Sep 7, 2024",0,0,0
489,Akbank,0,0,"Sep 8, 2024",0,0,0
490,Akbank,58.05,59.55,"Sep 9, 2024",57.85,59.2,41425629
491,Akbank,56.45,58.5,"Sep 10, 2024",55.7,58.35,83896955
492,Akbank,55.3,57.4,"Sep 11, 2024",55.3,56.15,75066706
493,Akbank,56.8,56.95,"Sep 12, 2024",54.5,56.05,65586230
494,Akbank,56.6,57.15,"Sep 13, 2024",55.5,56.7,60916326
495,Akbank,0,0,"Sep 14, 2024",0,0,0
496,Akbank,0,0,"Sep 15, 2024",0,0,0
497,Akbank,56.2,56.9,"Sep 16, 2024",55.25,56.6,56443913
498,Akbank,57.85,58.35,"Sep 17, 2024",56.25,56.45,63758565
499,Akbank,58.55,59.4,"Sep 18, 2024",57.65,57.8,50251166
500,Akbank,61.35,61.85,"Sep 19, 2024",59.3,59.4,69509928
501,Akbank,63.2,64.85,"Aug 1, 2024",62.85,62.9,60901951
502,Akbank,60.2,62.35,"Aug 2, 2024",59.7,62,51224390
503,Akbank,0,0,"Aug 3, 2024",0,0,0
504,Akbank,0,0,"Aug 4, 2024",0,0,0
505,Akbank,56.9,58.45,"Aug 5, 2024",54.65,56,78640333
506,Akbank,55.65,58.95,"Aug 6, 2024",55.65,58.6,66017767
507,Akbank,55.7,57,"Aug 7, 2024",54.95,56.3,53241220
508,Akbank,55.85,56.65,"Aug 8, 2024",55.3,55.6,54436167
509,Akbank,52.95,57,"Aug 9, 2024",52.85,56.4,69362597
510,Akbank,0,0,"Aug 10, 2024",0,0,0
511,Akbank,0,0,"Aug 11, 2024",0,0,0
512,Akbank,54.2,54.9,"Aug 12, 2024",53.05,53.4,53996642
513,Akbank,55.75,55.75,"Aug 13, 2024",53.5,54.25,42431039
514,Akbank,56.2,56.9,"Aug 14, 2024",55.45,56,43279756
515,Akbank,58.35,58.6,"Aug 15, 2024",56.25,57,59873682
516,Akbank,56.85,58.95,"Aug 16, 2024",56.8,58.55,38230994
517,Akbank,0,0,"Aug 17, 2024",0,0,0
518,Akbank,0,0,"Aug 18, 2024",0,0,0
519,Akbank,60.25,60.4,"Aug 19, 2024",56.5,57.1,62201951
520,Akbank,59.9,60.85,"Aug 20, 2024",59.15,59.95,53769284
521,Akbank,59.15,60.65,"Aug 21, 2024",59.1,59.8,44932974
522,Akbank,59.55,61.3,"Aug 22, 2024",58.6,59.55,77072601
523,Akbank,58.1,59.9,"Aug 23, 2024",57.35,59.5,45431014
524,Akbank,0,0,"Aug 24, 2024",0,0,0
525,Akbank,0,0,"Aug 25, 2024",0,0,0
526,Akbank,58.5,59.65,"Aug 26, 2024",57.85,58.65,52432516
527,Akbank,59.1,59.4,"Aug 27, 2024",57.7,58.55,50349618
528,Akbank,58.7,59.35,"Aug 28, 2024",58.1,59.15,44035968
529,Akbank,58.3,59.4,"Aug 29, 2024",57.55,58.55,59991782
530,Akbank,61.95,64.8,"Jul 1, 2024",60.85,64.7,60193096
531,Akbank,62.7,62.7,"Jul 2, 2024",61.2,62.25,53669684
532,Akbank,66.25,66.3,"Jul 3, 2024",62.7,63.05,83985701
533,Akbank,67.25,68.3,"Jul 4, 2024",65.6,66.2,63807973
534,Akbank,66.75,68.1,"Jul 5, 2024",65.95,67.45,40181508
535,Akbank,0,0,"Jul 6, 2024",0,0,0
536,Akbank,0,0,"Jul 7, 2024",0,0,0
537,Akbank,67.7,68.5,"Jul 8, 2024",66.6,67.05,48655310
538,Akbank,64.6,67.9,"Jul 9, 2024",64.5,67.85,52290314
539,Akbank,64,64.9,"Jul 10, 2024",62.55,64.7,68851483
540,Akbank,66.7,67.35,"Jul 11, 2024",64.6,65,72253346
541,Akbank,66.7,67.9,"Jul 12, 2024",66.1,66.7,61965944
542,Akbank,0,0,"Jul 13, 2024",0,0,0
543,Akbank,0,0,"Jul 14, 2024",0,0,0
544,Akbank,0,0,"Jul 15, 2024",0,0,0
545,Akbank,68.3,69.2,"Jul 16, 2024",66.75,67.15,68267334
546,Akbank,67.85,68.5,"Jul 17, 2024",66.3,68.4,71919040
547,Akbank,68.2,69.15,"Jul 18, 2024",67.3,68.3,68522741
548,Akbank,68.75,69.65,"Jul 19, 2024",67.55,68,64526495
549,Akbank,0,0,"Jul 20, 2024",0,0,0
550,Akbank,0,0,"Jul 21, 2024",0,0,0
551,Akbank,69.3,70.55,"Jul 22, 2024",67.75,68.9,60858236
552,Akbank,69.3,70.6,"Jul 23, 2024",66.7,69.3,79986526
553,Akbank,67.5,69.3,"Jul 24, 2024",67.5,69.2,46627121
554,Akbank,65.55,68.15,"Jul 25, 2024",65.05,67.45,57750429
555,Akbank,65.65,66.5,"Jul 26, 2024",64.95,65.75,50467104
556,Akbank,0,0,"Jul 27, 2024",0,0,0
557,Akbank,0,0,"Jul 28, 2024",0,0,0
558,Akbank,64.65,66.7,"Jul 29, 2024",64.5,64.7,48235005
559,Akbank,62.75,65,"Jul 30, 2024",62.5,64.5,58543749
560,Akbank,61.9,63.55,"Jul 31, 2024",61.45,62.7,66376579
561,Akbank,66.8,67.4,"Jun 3, 2024",64.6,66.45,64050347
562,Akbank,63.5,67.4,"Jun 4, 2024",63.5,66.8,57120992
563,Akbank,62.35,65.05,"Jun 5, 2024",62.1,64.05,79136641
564,Akbank,61.15,62.95,"Jun 6, 2024",60.8,62.65,58237476
565,Akbank,59.3,61.45,"Jun 7, 2024",59.15,61.35,56386822
566,Akbank,0,0,"Jun 8, 2024",0,0,0
567,Akbank,0,0,"Jun 9, 2024",0,0,0
568,Akbank,59.45,60.35,"Jun 10, 2024",58.2,59,61061868
569,Akbank,60.6,61.6,"Jun 11, 2024",59.2,59.4,83153037
570,Akbank,62.2,62.9,"Jun 12, 2024",60.2,60.65,56287276
571,Akbank,61.5,64,"Jun 13, 2024",61.5,63.05,73408060
572,Akbank,61.1,63.1,"Jun 14, 2024",60.7,62.7,77088933
573,Akbank,0,0,"Jun 15, 2024",0,0,0
574,Akbank,0,0,"Jun 16, 2024",0,0,0
575,Akbank,0,0,"Jun 17, 2024",0,0,0
576,Akbank,0,0,"Jun 18, 2024",0,0,0
577,Akbank,0,0,"Jun 19, 2024",0,0,0
578,Akbank,63.8,63.8,"Jun 20, 2024",61.55,61.95,73779357
579,Akbank,66,66.6,"Jun 21, 2024",63.35,63.75,78091355
580,Akbank,0,0,"Jun 22, 2024",0,0,0
581,Akbank,0,0,"Jun 23, 2024",0,0,0
582,Akbank,67.15,67.15,"Jun 24, 2024",65.2,65.9,48584363
583,Akbank,65.2,68.05,"Jun 25, 2024",65.2,67.3,72232460
584,Akbank,64.8,65.5,"Jun 26, 2024",64.3,65.15,44844351
585,Akbank,66.85,67.35,"Jun 27, 2024",65.15,65.15,67130054
586,Akbank,64.05,68.15,"Jun 28, 2024",63.95,67.3,93609366
587,Akbank,66.8,67.4,"Jun 3, 2024",64.6,66.45,64050347
588,Akbank,63.5,67.4,"Jun 4, 2024",63.5,66.8,57120992
589,Akbank,62.35,65.05,"Jun 5, 2024",62.1,64.05,79136641
590,Akbank,61.15,62.95,"Jun 6, 2024",60.8,62.65,58237476
591,Akbank,59.3,61.45,"Jun 7, 2024",59.15,61.35,56386822
592,Akbank,0,0,"Jun 8, 2024",0,0,0
593,Akbank,0,0,"Jun 9, 2024",0,0,0
594,Akbank,59.45,60.35,"Jun 10, 2024",58.2,59,61061868
595,Akbank,60.6,61.6,"Jun 11, 2024",59.2,59.4,83153037
596,Akbank,62.2,62.9,"Jun 12, 2024",60.2,60.65,56287276
597,Akbank,61.5,64,"Jun 13, 2024",61.5,63.05,73408060
598,Akbank,61.1,63.1,"Jun 14, 2024",60.7,62.7,77088933
599,Akbank,0,0,"Jun 15, 2024",0,0,0
600,Akbank,0,0,"Jun 16, 2024",0,0,0
601,Akbank,0,0,"Jun 17, 2024",0,0,0
602,Akbank,0,0,"Jun 18, 2024",0,0,0
603,Akbank,0,0,"Jun 19, 2024",0,0,0
604,Akbank,63.8,63.8,"Jun 20, 2024",61.55,61.95,73779357
605,Akbank,66,66.6,"Jun 21, 2024",63.35,63.75,78091355
606,Akbank,0,0,"Jun 22, 2024",0,0,0
607,Akbank,0,0,"Jun 23, 2024",0,0,0
608,Akbank,67.15,67.15,"Jun 24, 2024",65.2,65.9,48584363
609,Akbank,65.2,68.05,"Jun 25, 2024",65.2,67.3,72232460
610,Akbank,64.8,65.5,"Jun 26, 2024",64.3,65.15,44844351
611,Akbank,66.85,67.35,"Jun 27, 2024",65.15,65.15,67130054
612,Akbank,64.05,68.15,"Jun 28, 2024",63.95,67.3,93609366
613,Akbank,58.15,60.4,"May 2, 2024",58.05,60,72988852
614,Akbank,60.05,60.1,"May 3, 2024",57.85,58.55,79154559
615,Akbank,0,0,"May 4, 2024",0,0,0
616,Akbank,0,0,"May 5, 2024",0,0,0
617,Akbank,60.25,60.65,"May 6, 2024",59.2,60,42522188
618,Akbank,61.6,62.45,"May 7, 2024",59.8,60.25,90335355
619,Akbank,60,62.3,"May 8, 2024",59,61.6,93629377
620,Akbank,59.4,60.75,"May 9, 2024",59.4,60.5,73846599
621,Akbank,57.8,59.9,"May 10, 2024",57.8,59.75,82417543
622,Akbank,0,0,"May 11, 2024",0,0,0
623,Akbank,0,0,"May 12, 2024",0,0,0
624,Akbank,56,58.25,"May 13, 2024",55.85,58.15,97974456
625,Akbank,57.5,57.95,"May 14, 2024",56.35,57.55,109276197
626,Akbank,57.2,58.7,"May 15, 2024",56,57.3,84317874
627,Akbank,59.15,59.15,"May 16, 2024",56.8,57.3,90178002
628,Akbank,62.9,63.05,"May 17, 2024",59,59.35,109988406
629,Akbank,0,0,"May 18, 2024",0,0,0
630,Akbank,0,0,"May 19, 2024",0,0,0
631,Akbank,64.5,65.25,"May 20, 2024",62.4,62.9,78966570
632,Akbank,67.35,70.75,"May 21, 2024",64.45,64.6,237249387
633,Akbank,66.25,68.5,"May 22, 2024",64.15,67.2,128164280
634,Akbank,66.55,68.9,"May 23, 2024",66.1,66.25,88163245
635,Akbank,66.5,67.8,"May 24, 2024",65.8,66.55,57836631
636,Akbank,0,0,"May 25, 2024",0,0,0
637,Akbank,0,0,"May 26, 2024",0,0,0
638,Akbank,68,68,"May 27, 2024",65.4,66.7,48715024
639,Akbank,69.8,69.9,"May 28, 2024",67.35,68,60706165
640,Akbank,66,69.8,"May 29, 2024",66,69.8,59905929
641,Akbank,65.7,67.35,"May 30, 2024",64.8,66.4,72102523
642,Akbank,66.4,68.8,"May 31, 2024",63.8,65.8,125307179
643,Akbank,47.8,48.76,"Apr 1, 2024",45.8,47.22,82619229
644,Akbank,49.3,49.82,"Apr 2, 2024",47.54,47.98,116052968
645,Akbank,49.24,49.82,"Apr 3, 2024",48.24,49.3,65659675
646,Akbank,52.4,52.55,"Apr 4, 2024",48.86,49.3,95493303
647,Akbank,55.65,55.75,"Apr 5, 2024",52.15,54,83579094
648,Akbank,0,0,"Apr 6, 2024",0,0,0
649,Akbank,0,0,"Apr 7, 2024",0,0,0
650,Akbank,55.5,56.55,"Apr 8, 2024",55,55.8,57245712
651,Akbank,0,0,"Apr 9, 2024",0,0,0
652,Akbank,0,0,"Apr 10, 2024",0,0,0
653,Akbank,0,0,"Apr 11, 2024",0,0,0
654,Akbank,0,0,"Apr 12, 2024",0,0,0
655,Akbank,0,0,"Apr 13, 2024",0,0,0
656,Akbank,0,0,"Apr 14, 2024",0,0,0
657,Akbank,58.4,59.3,"Apr 15, 2024",56.55,56.65,76419250
658,Akbank,55.85,58.85,"Apr 16, 2024",55.5,58.4,71099679
659,Akbank,56.05,58.65,"Apr 17, 2024",56.05,56.5,83747735
660,Akbank,58.55,58.9,"Apr 18, 2024",56.45,56.55,68368051
661,Akbank,62.5,62.55,"Apr 19, 2024",57,58.2,75560278
662,Akbank,0,0,"Apr 20, 2024",0,0,0
663,Akbank,0,0,"Apr 21, 2024",0,0,0
664,Akbank,59.85,63.3,"Apr 22, 2024",59.8,62.95,76153685
665,Akbank,0,0,"Apr 23, 2024",0,0,0
666,Akbank,60.3,61.15,"Apr 24, 2024",60.05,60.25,81096038
667,Akbank,57.45,60.85,"Apr 25, 2024",57.45,60.45,81800041
668,Akbank,59.05,59.95,"Apr 26, 2024",57.7,57.8,82044128
669,Akbank,0,0,"Apr 27, 2024",0,0,0
670,Akbank,0,0,"Apr 28, 2024",0,0,0
671,Akbank,60.35,60.4,"Apr 29, 2024",59.1,59.55,62512628
672,Akbank,59.45,61.35,"Apr 30, 2024",59.45,60.3,73215496
673,Akbank,40.3,41.68,"Mar 1, 2024",40.14,41.58,56995283
674,Akbank,0,0,"Mar 2, 2024",0,0,0
675,Akbank,0,0,"Mar 3, 2024",0,0,0
676,Akbank,39.02,40.76,"Mar 4, 2024",39.02,40.42,54636962
677,Akbank,39.38,40.12,"Mar 5, 2024",38.76,39.12,62977964
678,Akbank,38.7,39.58,"Mar 6, 2024",38,39.26,68429866
679,Akbank,40.96,41.04,"Mar 7, 2024",38.9,38.92,68053257
680,Akbank,41.84,42.14,"Mar 8, 2024",40.66,41.04,91797736
681,Akbank,0,0,"Mar 9, 2024",0,0,0
682,Akbank,0,0,"Mar 10, 2024",0,0,0
683,Akbank,42.8,44.4,"Mar 11, 2024",42.68,44.4,111987258
684,Akbank,43.78,44.58,"Mar 12, 2024",42.64,42.78,80572409
685,Akbank,41.8,43.94,"Mar 13, 2024",41.32,43.92,90998988
686,Akbank,40.56,42.14,"Mar 14, 2024",40.34,41.92,60599320
687,Akbank,39.72,40.84,"Mar 15, 2024",39.72,40.6,48651930
688,Akbank,0,0,"Mar 16, 2024",0,0,0
689,Akbank,0,0,"Mar 17, 2024",0,0,0
690,Akbank,40.14,40.68,"Mar 18, 2024",39.78,39.86,50299825
691,Akbank,42.32,42.54,"Mar 19, 2024",40.1,40.14,68129871
692,Akbank,42.64,43.44,"Mar 20, 2024",41.88,42.2,83857926
693,Akbank,45.04,46.1,"Mar 21, 2024",42.74,43.02,197399494
694,Akbank,45.82,46.38,"Mar 22, 2024",45.02,45.22,88011898
695,Akbank,0,0,"Mar 23, 2024",0,0,0
696,Akbank,0,0,"Mar 24, 2024",0,0,0
697,Akbank,46,48.58,"Mar 25, 2024",45.12,45.82,131880682
698,Akbank,44.28,45.28,"Mar 26, 2024",43.7,44.3,113101313
699,Akbank,44.4,45.16,"Mar 27, 2024",43.84,44.5,68362428
700,Akbank,46.78,47.36,"Mar 28, 2024",44.62,44.68,82871023
701,Akbank,46.78,47.7,"Mar 29, 2024",46.22,47,64583949
702,Akbank,40.08,40.62,"Feb 1, 2024",39.62,39.66,98906685
703,Akbank,39.26,40.48,"Feb 2, 2024",39.04,40.02,115940161
704,Akbank,0,0,"Feb 3, 2024",0,0,0
705,Akbank,0,0,"Feb 4, 2024",0,0,0
706,Akbank,40.22,40.48,"Feb 5, 2024",39.72,40.02,106046445
707,Akbank,41.04,41.12,"Feb 6, 2024",40.16,40.42,108159145
708,Akbank,40.44,41.62,"Feb 7, 2024",40.32,41.2,79274041
709,Akbank,40.38,40.86,"Feb 8, 2024",40.3,40.5,50325890
710,Akbank,40.26,40.7,"Feb 9, 2024",39.82,40.46,75056048
711,Akbank,0,0,"Feb 10, 2024",0,0,0
712,Akbank,0,0,"Feb 11, 2024",0,0,0
713,Akbank,41.16,41.2,"Feb 12, 2024",40.34,40.9,89795098
714,Akbank,40.52,41.9,"Feb 13, 2024",40.5,41.46,116086386
715,Akbank,41,41.08,"Feb 14, 2024",40,40.6,73043847
716,Akbank,41.86,42.56,"Feb 15, 2024",40.96,41.2,92683548
717,Akbank,41.48,42.12,"Feb 16, 2024",41.34,42.02,67801461
718,Akbank,0,0,"Feb 17, 2024",0,0,0
719,Akbank,0,0,"Feb 18, 2024",0,0,0
720,Akbank,41.54,43.36,"Feb 19, 2024",41.42,41.76,125687225
721,Akbank,43.1,43.58,"Feb 20, 2024",41.72,41.76,134595715
722,Akbank,43.5,44.5,"Feb 21, 2024",42.88,43.22,125634447
723,Akbank,42.34,44.36,"Feb 22, 2024",41.82,43.8,134406613
724,Akbank,42.9,43.08,"Feb 23, 2024",41.9,42.34,89110168
725,Akbank,0,0,"Feb 24, 2024",0,0,0
726,Akbank,0,0,"Feb 25, 2024",0,0,0
727,Akbank,41.66,43.02,"Feb 26, 2024",41.52,42.94,75850862
728,Akbank,41.6,42.4,"Feb 27, 2024",41.4,41.84,94955982
729,Akbank,40.46,41.66,"Feb 28, 2024",40.3,41.6,65362068
730,Akbank,41.58,41.74,"Feb 29, 2024",40.52,40.6,84001060
731,Akbank,36.54,37.28,"Jan 2, 2024",36.22,36.9,79522318
732,Akbank,35.34,36.76,"Jan 3, 2024",35.26,36.54,72162968
733,Akbank,36.3,36.48,"Jan 4, 2024",34.86,35.4,81318741
734,Akbank,36.78,36.88,"Jan 5, 2024",35.86,36.38,71031470
735,Akbank,0,0,"Jan 6, 2024",0,0,0
736,Akbank,0,0,"Jan 7, 2024",0,0,0
737,Akbank,40.44,40.44,"Jan 8, 2024",37.38,37.4,157542084
738,Akbank,39.84,41.82,"Jan 9, 2024",39.42,40.68,154543709
739,Akbank,40.74,41,"Jan 10, 2024",39.64,39.84,106339128
740,Akbank,41.12,41.56,"Jan 11, 2024",40.52,40.98,140335176
741,Akbank,43.26,44.26,"Jan 12, 2024",40.16,40.74,224445913
742,Akbank,0,0,"Jan 13, 2024",0,0,0
743,Akbank,0,0,"Jan 14, 2024",0,0,0
744,Akbank,43.18,43.5,"Jan 15, 2024",42.56,43.18,131860495
745,Akbank,41.8,43.6,"Jan 16, 2024",41.32,43.18,96953620
746,Akbank,42,42.28,"Jan 17, 2024",41.62,41.74,79328967
747,Akbank,41.02,43.3,"Jan 18, 2024",41.02,43,86320667
748,Akbank,40.92,41.44,"Jan 19, 2024",40.26,41.22,90860380
749,Akbank,0,0,"Jan 20, 2024",0,0,0
750,Akbank,0,0,"Jan 21, 2024",0,0,0
751,Akbank,40.06,40.6,"Jan 22, 2024",39.78,40.56,82754095
752,Akbank,38.16,40.84,"Jan 23, 2024",37.8,40.56,134993560
753,Akbank,40.4,40.88,"Jan 24, 2024",38.02,38.4,126878011
754,Akbank,40.34,41.4,"Jan 25, 2024",39.8,40.62,112890666
755,Akbank,40.32,40.74,"Jan 26, 2024",39.92,40.44,95380217
756,Akbank,0,0,"Jan 27, 2024",0,0,0
757,Akbank,0,0,"Jan 28, 2024",0,0,0
758,Akbank,39.66,40.54,"Jan 29, 2024",39.48,40.44,70494073
759,Akbank,39.66,40.18,"Jan 30, 2024",39.5,39.86,77863803
760,Akbank,39.54,40.18,"Jan 31, 2024",39.26,39.74,85127823
761,Akbank,34.86,35.36,"Dec 1, 2023",34.44,34.68,103259731
762,Akbank,0,0,"Dec 2, 2023",0,0,0
763,Akbank,0,0,"Dec 3, 2023",0,0,0
764,Akbank,36.22,36.24,"Dec 4, 2023",34.6,35.02,91585452
765,Akbank,36.56,36.6,"Dec 5, 2023",35.88,36.12,90056364
766,Akbank,36.5,37.96,"Dec 6, 2023",36.42,36.5,127874886
767,Akbank,35.88,36.48,"Dec 7, 2023",34.68,36.36,89041192
768,Akbank,34.96,36.06,"Dec 8, 2023",34.62,35.96,76565251
769,Akbank,0,0,"Dec 9, 2023",0,0,0
770,Akbank,0,0,"Dec 10, 2023",0,0,0
771,Akbank,34.9,35.44,"Dec 11, 2023",34.44,34.98,89978519
772,Akbank,37.24,37.58,"Dec 12, 2023",34.7,34.9,170723368
773,Akbank,36.78,38.6,"Dec 13, 2023",36.7,37.12,161077643
774,Akbank,38.34,38.98,"Dec 14, 2023",37.04,37.4,150445210
775,Akbank,39.1,39.94,"Dec 15, 2023",38.26,38.38,111997233
776,Akbank,0,0,"Dec 16, 2023",0,0,0
777,Akbank,0,0,"Dec 17, 2023",0,0,0
778,Akbank,39.4,39.74,"Dec 18, 2023",38.52,38.52,96768505
779,Akbank,38.88,39.5,"Dec 19, 2023",37.9,39.38,99601214
780,Akbank,39.94,40,"Dec 20, 2023",38.76,38.88,95516726
781,Akbank,39.1,40.72,"Dec 21, 2023",39.02,39.94,129392092
782,Akbank,39.16,39.78,"Dec 22, 2023",38.96,39.16,92069386
783,Akbank,0,0,"Dec 23, 2023",0,0,0
784,Akbank,0,0,"Dec 24, 2023",0,0,0
785,Akbank,38.04,39.02,"Dec 25, 2023",37.08,39.02,51310128
786,Akbank,37.68,38.5,"Dec 26, 2023",36.96,38.38,84349028
787,Akbank,35.88,37.68,"Dec 27, 2023",35.82,37.6,117038330
788,Akbank,36.04,36.5,"Dec 28, 2023",35.98,36,84474308
789,Akbank,36.52,36.86,"Dec 29, 2023",36.06,36.08,86945109
790,Akbank,29.66,29.94,"Nov 1, 2023",28.22,29.7,76396792
791,Akbank,30.02,30.36,"Nov 2, 2023",29.4,29.78,71274321
792,Akbank,30,30.18,"Nov 3, 2023",29.5,30.1,69920777
793,Akbank,0,0,"Nov 4, 2023",0,0,0
794,Akbank,0,0,"Nov 5, 2023",0,0,0
795,Akbank,30.56,30.82,"Nov 6, 2023",30.3,30.42,61670311
796,Akbank,30.24,30.6,"Nov 7, 2023",29.98,30.5,43948310
797,Akbank,29.8,30.62,"Nov 8, 2023",29.5,30.5,57965690
798,Akbank,29.36,29.94,"Nov 9, 2023",29.22,29.56,89006270
799,Akbank,28.98,29.66,"Nov 10, 2023",28.94,29.38,63145074
800,Akbank,0,0,"Nov 11, 2023",0,0,0
801,Akbank,0,0,"Nov 12, 2023",0,0,0
802,Akbank,28,29,"Nov 13, 2023",27.94,28.92,51651875
803,Akbank,28.56,28.62,"Nov 14, 2023",27.52,28.08,78797982
804,Akbank,28.6,29.14,"Nov 15, 2023",28.28,28.66,69086402
805,Akbank,29.98,30.02,"Nov 16, 2023",28.64,28.66,71393794
806,Akbank,30.08,30.38,"Nov 17, 2023",29.68,29.88,62257814
807,Akbank,0,0,"Nov 18, 2023",0,0,0
808,Akbank,0,0,"Nov 19, 2023",0,0,0
809,Akbank,30.44,30.74,"Nov 20, 2023",30.04,30.52,63548276
810,Akbank,30.94,31.2,"Nov 21, 2023",30.36,30.68,74887016
811,Akbank,30.88,31.14,"Nov 22, 2023",30.32,30.9,86465262
812,Akbank,31.46,32.4,"Nov 23, 2023",30.88,30.98,158470522
813,Akbank,31.86,32.3,"Nov 24, 2023",30.84,31.44,101221429
814,Akbank,0,0,"Nov 25, 2023",0,0,0
815,Akbank,0,0,"Nov 26, 2023",0,0,0
816,Akbank,34.3,34.34,"Nov 27, 2023",32.72,32.9,138309694
817,Akbank,33.8,34.6,"Nov 28, 2023",33.52,34.26,111758315
818,Akbank,33.92,34.06,"Nov 29, 2023",33.36,33.84,97004716
819,Akbank,33.64,34.64,"Nov 30, 2023",33.5,33.98,101146410
820,Akbank,34.48,35.2,"Oct 2, 2023",33.16,33.48,130396219
821,Akbank,33.9,35.1,"Oct 3, 2023",33.5,34.74,86596571
822,Akbank,33.44,34.4,"Oct 4, 2023",33.42,33.9,94829167
823,Akbank,34.2,34.64,"Oct 5, 2023",32.44,33.76,142533300
824,Akbank,33.66,34.26,"Oct 6, 2023",33.62,33.88,97807776
825,Akbank,0,0,"Oct 7, 2023",0,0,0
826,Akbank,0,0,"Oct 8, 2023",0,0,0
827,Akbank,32.26,33.38,"Oct 9, 2023",32.16,33.18,96530249
828,Akbank,33.14,33.36,"Oct 10, 2023",32.44,32.68,71195544
829,Akbank,33.32,33.96,"Oct 11, 2023",33.1,33.28,82944842
830,Akbank,32.92,34.34,"Oct 12, 2023",32.3,33.68,109831125
831,Akbank,31.6,33,"Oct 13, 2023",31.46,32.96,80078086
832,Akbank,0,0,"Oct 14, 2023",0,0,0
833,Akbank,0,0,"Oct 15, 2023",0,0,0
834,Akbank,31.64,32.26,"Oct 16, 2023",31,32.2,69413122
835,Akbank,32.22,32.22,"Oct 17, 2023",31.28,31.74,75348848
836,Akbank,31.3,32.2,"Oct 18, 2023",30.96,31.6,73193188
837,Akbank,30.92,31.92,"Oct 19, 2023",30.6,31.28,71152845
838,Akbank,29.92,30.92,"Oct 20, 2023",29.66,30.6,55618251
839,Akbank,0,0,"Oct 21, 2023",0,0,0
840,Akbank,0,0,"Oct 22, 2023",0,0,0
841,Akbank,30.5,30.62,"Oct 23, 2023",29.7,30.46,63744257
842,Akbank,31.66,32.6,"Oct 24, 2023",30.52,30.72,136151710
843,Akbank,29.6,32.06,"Oct 25, 2023",29.6,31.66,72076721
844,Akbank,30.8,30.86,"Oct 26, 2023",29.04,30.02,163455750
845,Akbank,30.92,31.44,"Oct 27, 2023",30.14,30.94,102420863
846,Akbank,0,0,"Oct 28, 2023",0,0,0
847,Akbank,0,0,"Oct 29, 2023",0,0,0
848,Akbank,30.22,31.28,"Oct 30, 2023",30.12,30.84,74818809
849,Akbank,29.46,30.74,"Oct 31, 2023",29.4,30.38,71662383
861,Akbank,28.98,28.98,"Sep 19, 2023",28.02,28.62,90146602
862,Akbank,29.6,30.18,"Sep 20, 2023",28.78,29.06,132231768
863,Akbank,31.2,31.34,"Sep 21, 2023",29.54,29.94,237909804
864,Akbank,30.8,31.68,"Sep 22, 2023",30.8,31.2,110847853
865,Akbank,0,0,"Sep 23, 2023",0,0,0
866,Akbank,0,0,"Sep 24, 2023",0,0,0
867,Akbank,32.22,32.6,"Sep 25, 2023",30.84,30.94,132338628
868,Akbank,31.68,32.48,"Sep 26, 2023",31.46,32.28,108955425
869,Akbank,31.56,32.02,"Sep 27, 2023",31.34,31.7,85927349
870,Akbank,32.04,32.5,"Sep 28, 2023",31.44,31.58,134636143
871,Akbank,33.46,34.22,"Sep 29, 2023",32.48,32.54,152427587
872,"BIST Bankalar",14354.9,14364.1,"Sep 2, 2024",13791.8,13795.4,0
873,"BIST Bankalar",14215.6,14465.2,"Sep 3, 2024",14110.7,14359,0
874,"BIST Bankalar",14287.8,14297,"Sep 4, 2024",14054.2,14057.9,0
875,"BIST Bankalar",14154.1,14414.2,"Sep 5, 2024",14091.2,14401.7,0
876,"BIST Bankalar",13788.6,14254,"Sep 6, 2024",13726.9,14168.2,0
877,"BIST Bankalar",0,0,"Sep 7, 2024",0,0,0
878,"BIST Bankalar",0,0,"Sep 8, 2024",0,0,0
879,"BIST Bankalar",13482.6,13851.2,"Sep 9, 2024",13463.2,13822.1,0
880,"BIST Bankalar",13248.7,13574.2,"Sep 10, 2024",13116.8,13542.6,0
881,"BIST Bankalar",13058.7,13484.3,"Sep 11, 2024",13047.5,13205.8,0
882,"BIST Bankalar",13353.1,13382.2,"Sep 12, 2024",12834.8,13247.9,0
883,"BIST Bankalar",13357.1,13403.3,"Sep 13, 2024",13089.4,13352.2,0
884,"BIST Bankalar",0,0,"Sep 14, 2024",0,0,0
885,"BIST Bankalar",0,0,"Sep 15, 2024",0,0,0
886,"BIST Bankalar",13229.4,13401.3,"Sep 16, 2024",13158,13345.8,0
887,"BIST Bankalar",13483.6,13544.4,"Sep 17, 2024",13260.9,13280.3,0
888,"BIST Bankalar",13625.1,13713.7,"Sep 18, 2024",13459.9,13480.8,0
889,"BIST Bankalar",14044.6,14122.01,"Sep 19, 2024",13787.65,13814.36,0
890,"BIST Bankalar",15105.4,15313,"Aug 1, 2024",14814.8,14824.5,0
891,"BIST Bankalar",14508.5,14949.3,"Aug 2, 2024",14453.8,14854.5,0
892,"BIST Bankalar",0,0,"Aug 3, 2024",0,0,0
893,"BIST Bankalar",0,0,"Aug 4, 2024",0,0,0
894,"BIST Bankalar",13699,14009,"Aug 5, 2024",13241.7,13377.7,0
895,"BIST Bankalar",13456.4,14111.6,"Aug 6, 2024",13454.2,14079.9,0
896,"BIST Bankalar",13441.2,13749.9,"Aug 7, 2024",13309.5,13587.3,0
897,"BIST Bankalar",13402.4,13589.9,"Aug 8, 2024",13331.9,13453.2,0
898,"BIST Bankalar",12808.6,13607.6,"Aug 9, 2024",12807.4,13506,0
899,"BIST Bankalar",0,0,"Aug 10, 2024",0,0,0
900,"BIST Bankalar",0,0,"Aug 11, 2024",0,0,0
901,"BIST Bankalar",12947.8,13148.9,"Aug 12, 2024",12826.7,12919.8,0
902,"BIST Bankalar",13303.8,13303.8,"Aug 13, 2024",12831.2,12951.3,0
903,"BIST Bankalar",13193.4,13419.2,"Aug 14, 2024",13145.9,13380.1,0
904,"BIST Bankalar",13562.1,13589.6,"Aug 15, 2024",13194,13301.1,0
905,"BIST Bankalar",13261.2,13658.4,"Aug 16, 2024",13261.2,13629.5,0
906,"BIST Bankalar",0,0,"Aug 17, 2024",0,0,0
907,"BIST Bankalar",0,0,"Aug 18, 2024",0,0,0
908,"BIST Bankalar",13791.7,13821,"Aug 19, 2024",13225.6,13309.6,0
909,"BIST Bankalar",13816.3,13968.6,"Aug 20, 2024",13683.3,13732.9,0
910,"BIST Bankalar",13737.3,14067,"Aug 21, 2024",13705.2,13789.4,0
911,"BIST Bankalar",13932.1,14083.2,"Aug 22, 2024",13712.3,13839.8,0
912,"BIST Bankalar",13528.4,13985.4,"Aug 23, 2024",13420.3,13920.9,0
913,"BIST Bankalar",0,0,"Aug 24, 2024",0,0,0
914,"BIST Bankalar",0,0,"Aug 25, 2024",0,0,0
915,"BIST Bankalar",13628.6,13909.9,"Aug 26, 2024",13405.9,13654.3,0
916,"BIST Bankalar",13819.4,13842.4,"Aug 27, 2024",13505,13633.7,0
917,"BIST Bankalar",13686.5,13877.3,"Aug 28, 2024",13612.1,13832.1,0
918,"BIST Bankalar",13716.9,13902.2,"Aug 29, 2024",13469,13662.8,0
919,"BIST Bankalar",14636.9,15276.3,"Jul 1, 2024",14464.6,15249.4,0
920,"BIST Bankalar",14865.5,14865.5,"Jul 2, 2024",14530.6,14668.5,0
921,"BIST Bankalar",15527.9,15545,"Jul 3, 2024",14893.6,14948.7,0
922,"BIST Bankalar",15688.4,15840.2,"Jul 4, 2024",15340,15567.3,0
923,"BIST Bankalar",15553.8,15832.9,"Jul 5, 2024",15354.1,15707.1,0
924,"BIST Bankalar",0,0,"Jul 6, 2024",0,0,0
925,"BIST Bankalar",0,0,"Jul 7, 2024",0,0,0
926,"BIST Bankalar",15681.7,15841.4,"Jul 8, 2024",15536.2,15617.5,0
927,"BIST Bankalar",15184.9,15721.7,"Jul 9, 2024",15145.5,15713.9,0
928,"BIST Bankalar",15004.6,15215,"Jul 10, 2024",14821.4,15206.5,0
929,"BIST Bankalar",15691.4,15697.2,"Jul 11, 2024",15194.2,15196.6,0
930,"BIST Bankalar",15828.1,15979.5,"Jul 12, 2024",15579.3,15657.2,0
931,"BIST Bankalar",0,0,"Jul 13, 2024",0,0,0
932,"BIST Bankalar",0,0,"Jul 14, 2024",0,0,0
933,"BIST Bankalar",0,0,"Jul 15, 2024",0,0,0
934,"BIST Bankalar",16158.4,16271.1,"Jul 16, 2024",15871.2,15918,0
935,"BIST Bankalar",16045.1,16165.1,"Jul 17, 2024",15829.2,16165.1,0
936,"BIST Bankalar",16023.5,16310,"Jul 18, 2024",15922.4,16164.1,0
937,"BIST Bankalar",16148.7,16282.4,"Jul 19, 2024",15923.7,15971.7,0
938,"BIST Bankalar",0,0,"Jul 20, 2024",0,0,0
939,"BIST Bankalar",0,0,"Jul 21, 2024",0,0,0
940,"BIST Bankalar",15920.9,16180.5,"Jul 22, 2024",15834.5,16044.5,0
941,"BIST Bankalar",15614.6,15929.8,"Jul 23, 2024",15360.7,15929.8,0
942,"BIST Bankalar",15371,15633,"Jul 24, 2024",15365.8,15591.6,0
943,"BIST Bankalar",15004,15436.1,"Jul 25, 2024",14948.1,15318.2,0
944,"BIST Bankalar",15066.7,15196.7,"Jul 26, 2024",14955.4,15040.7,0
945,"BIST Bankalar",0,0,"Jul 27, 2024",0,0,0
946,"BIST Bankalar",0,0,"Jul 28, 2024",0,0,0
947,"BIST Bankalar",14942.5,15214.9,"Jul 29, 2024",14877.1,14891.5,0
948,"BIST Bankalar",14552.8,15077.7,"Jul 30, 2024",14540.5,14965.8,0
949,"BIST Bankalar",14593.9,14719.2,"Jul 31, 2024",14456.3,14517.1,0
950,"BIST Bankalar",0,0,"Jun 1, 2024",0,0,0
951,"BIST Bankalar",0,0,"Jun 2, 2024",0,0,0
952,"BIST Bankalar",15309.9,15331.3,"Jun 3, 2024",14732.1,15100.1,0
953,"BIST Bankalar",14689.7,15444,"Jun 4, 2024",14684.4,15311,0
954,"BIST Bankalar",14645.9,14924.2,"Jun 5, 2024",14499.5,14790.6,0
955,"BIST Bankalar",14564.1,14865.1,"Jun 6, 2024",14506.4,14714.7,0
956,"BIST Bankalar",14156.4,14647.6,"Jun 7, 2024",14085.2,14619.7,0
957,"BIST Bankalar",0,0,"Jun 8, 2024",0,0,0
958,"BIST Bankalar",0,0,"Jun 9, 2024",0,0,0
959,"BIST Bankalar",14104.3,14294.2,"Jun 10, 2024",13909,14127.4,0
960,"BIST Bankalar",14549.1,14674.4,"Jun 11, 2024",14059.2,14073.4,0
961,"BIST Bankalar",14731.5,14872.7,"Jun 12, 2024",14467.2,14546.1,0
962,"BIST Bankalar",14793.9,15095.8,"Jun 13, 2024",14792.5,14928.3,0
963,"BIST Bankalar",14738,15193.1,"Jun 14, 2024",14684,15069.8,0
964,"BIST Bankalar",0,0,"Jun 15, 2024",0,0,0
965,"BIST Bankalar",0,0,"Jun 16, 2024",0,0,0
966,"BIST Bankalar",0,0,"Jun 17, 2024",0,0,0
967,"BIST Bankalar",0,0,"Jun 18, 2024",0,0,0
968,"BIST Bankalar",0,0,"Jun 19, 2024",0,0,0
969,"BIST Bankalar",15271.8,15271.8,"Jun 20, 2024",14826,14964,0
970,"BIST Bankalar",15551.7,15669.5,"Jun 21, 2024",15235.7,15273.8,0
971,"BIST Bankalar",0,0,"Jun 22, 2024",0,0,0
972,"BIST Bankalar",0,0,"Jun 23, 2024",0,0,0
973,"BIST Bankalar",15706.7,15755.6,"Jun 24, 2024",15437.3,15563.6,0
974,"BIST Bankalar",15323.4,15839.9,"Jun 25, 2024",15323.4,15738.8,0
975,"BIST Bankalar",15128.6,15407.8,"Jun 26, 2024",15126.4,15328.5,0
976,"BIST Bankalar",15637.1,15680.7,"Jun 27, 2024",15202.2,15217.7,0
977,"BIST Bankalar",15129.6,15889.8,"Jun 28, 2024",15057.7,15746,0
978,"BIST Bankalar",0,0,"May 1, 2024",0,0,0
979,"BIST Bankalar",13137.7,13530.7,"May 2, 2024",13122.2,13446.8,0
980,"BIST Bankalar",13397.8,13468.8,"May 3, 2024",13234.8,13324,0
981,"BIST Bankalar",0,0,"May 4, 2024",0,0,0
982,"BIST Bankalar",0,0,"May 5, 2024",0,0,0
983,"BIST Bankalar",13356.2,13541.3,"May 6, 2024",13253.6,13404.9,0
984,"BIST Bankalar",13661.1,13791.8,"May 7, 2024",13249.8,13380.5,0
985,"BIST Bankalar",13449.5,13772.2,"May 8, 2024",13362.5,13687.2,0
986,"BIST Bankalar",13533.6,13694.9,"May 9, 2024",13478.4,13547.4,0
987,"BIST Bankalar",13275.7,13733.8,"May 10, 2024",13275.7,13577.3,0
988,"BIST Bankalar",0,0,"May 11, 2024",0,0,0
989,"BIST Bankalar",0,0,"May 12, 2024",0,0,0
990,"BIST Bankalar",13028.1,13348.1,"May 13, 2024",13028.1,13331.6,0
991,"BIST Bankalar",13349.6,13434.5,"May 14, 2024",13096.6,13287.5,0
992,"BIST Bankalar",13356.5,13538.2,"May 15, 2024",13090.1,13323.4,0
993,"BIST Bankalar",13716.7,13716.7,"May 16, 2024",13326.1,13377.5,0
994,"BIST Bankalar",14377.7,14412.8,"May 17, 2024",13700.3,13753.5,0
995,"BIST Bankalar",0,0,"May 18, 2024",0,0,0
996,"BIST Bankalar",0,0,"May 19, 2024",0,0,0
997,"BIST Bankalar",14706.3,14835.4,"May 20, 2024",14327.4,14380.5,0
998,"BIST Bankalar",15595.8,16078.5,"May 21, 2024",14736.9,14736.9,0
999,"BIST Bankalar",15399.1,15869,"May 22, 2024",15172.2,15635.6,0
1000,"BIST Bankalar",15141.5,15697.3,"May 23, 2024",15134.3,15394.7,0
1001,"BIST Bankalar",15068.8,15321.3,"May 24, 2024",14993.3,15164.4,0
1002,"BIST Bankalar",0,0,"May 25, 2024",0,0,0
1003,"BIST Bankalar",0,0,"May 26, 2024",0,0,0
1004,"BIST Bankalar",15172.2,15299.1,"May 27, 2024",14868.8,15112.9,0
1005,"BIST Bankalar",15456.3,15509.6,"May 28, 2024",15128.6,15209.9,0
1006,"BIST Bankalar",14964.9,15512.7,"May 29, 2024",14964.9,15482.5,0
1007,"BIST Bankalar",15045.8,15254.8,"May 30, 2024",14897.3,15016.5,0
1008,"BIST Bankalar",15062.4,15678.1,"May 31, 2024",14792.6,15076.2,0
1009,"BIST Bankalar",11208,11352.8,"Apr 1, 2024",10815.2,11169,0
1010,"BIST Bankalar",11384.2,11664.3,"Apr 2, 2024",11191.7,11230.2,0
1011,"BIST Bankalar",11276.7,11372.9,"Apr 3, 2024",11070.5,11276,0
1012,"BIST Bankalar",11924.8,11973.4,"Apr 4, 2024",11240.1,11323.6,0
1013,"BIST Bankalar",12457.3,12589.9,"Apr 5, 2024",11968,12333.3,0
1014,"BIST Bankalar",0,0,"Apr 6, 2024",0,0,0
1015,"BIST Bankalar",0,0,"Apr 7, 2024",0,0,0
1016,"BIST Bankalar",12562,12723.1,"Apr 8, 2024",12450.1,12498.7,0
1017,"BIST Bankalar",12743.9,12961.3,"Apr 9, 2024",12580,12597.2,0
1018,"BIST Bankalar",0,0,"Apr 10, 2024",0,0,0
1019,"BIST Bankalar",0,0,"Apr 11, 2024",0,0,0
1020,"BIST Bankalar",0,0,"Apr 12, 2024",0,0,0
1021,"BIST Bankalar",0,0,"Apr 13, 2024",0,0,0
1022,"BIST Bankalar",0,0,"Apr 14, 2024",0,0,0
1023,"BIST Bankalar",12816.6,13045.9,"Apr 15, 2024",12669,12686.5,0
1024,"BIST Bankalar",12234.1,12890.5,"Apr 16, 2024",12234.1,12810.2,0
1025,"BIST Bankalar",12372.1,12692.7,"Apr 17, 2024",12360.8,12366.7,0
1026,"BIST Bankalar",12611.3,12728.3,"Apr 18, 2024",12445.8,12464.3,0
1027,"BIST Bankalar",13251.7,13251.7,"Apr 19, 2024",12411.5,12529.6,0
1028,"BIST Bankalar",0,0,"Apr 20, 2024",0,0,0
1029,"BIST Bankalar",0,0,"Apr 21, 2024",0,0,0
1030,"BIST Bankalar",12816.9,13442.5,"Apr 22, 2024",12809.5,13393.9,0
1031,"BIST Bankalar",0,0,"Apr 23, 2024",0,0,0
1032,"BIST Bankalar",13172.2,13237.2,"Apr 24, 2024",12946.4,12946.4,0
1033,"BIST Bankalar",12725.3,13252.3,"Apr 25, 2024",12674.9,13210.3,0
1034,"BIST Bankalar",13155.1,13313,"Apr 26, 2024",12796.5,12796.5,0
1035,"BIST Bankalar",0,0,"Apr 27, 2024",0,0,0
1036,"BIST Bankalar",0,0,"Apr 28, 2024",0,0,0
1037,"BIST Bankalar",13404.9,13451.7,"Apr 29, 2024",13198.2,13253.9,0
1038,"BIST Bankalar",13409,13708.8,"Apr 30, 2024",13348.9,13397.9,0
1039,"BIST Bankalar",9784.6,10087.8,"Mar 1, 2024",9784.5,10069,0
1040,"BIST Bankalar",0,0,"Mar 2, 2024",0,0,0
1041,"BIST Bankalar",0,0,"Mar 3, 2024",0,0,0
1042,"BIST Bankalar",9463.1,9886.7,"Mar 4, 2024",9463.1,9825.1,0
1043,"BIST Bankalar",9388.7,9636.3,"Mar 5, 2024",9348.8,9476.9,0
1044,"BIST Bankalar",9211.5,9433.9,"Mar 6, 2024",9162.9,9321.8,0
1045,"BIST Bankalar",9711.7,9711.7,"Mar 7, 2024",9260.8,9260.8,0
1046,"BIST Bankalar",10008.3,10052.7,"Mar 8, 2024",9652.1,9729.4,0
1047,"BIST Bankalar",0,0,"Mar 9, 2024",0,0,0
1048,"BIST Bankalar",0,0,"Mar 10, 2024",0,0,0
1049,"BIST Bankalar",10041.7,10482.7,"Mar 11, 2024",10041.7,10478.6,0
1050,"BIST Bankalar",10235.7,10397.4,"Mar 12, 2024",9993.2,10042.1,0
1051,"BIST Bankalar",9836.3,10256.1,"Mar 13, 2024",9732.5,10248.9,0
1052,"BIST Bankalar",9629.7,9919.6,"Mar 14, 2024",9583.9,9873.2,0
1053,"BIST Bankalar",9536.1,9698.2,"Mar 15, 2024",9487.8,9638.3,0
1054,"BIST Bankalar",0,0,"Mar 16, 2024",0,0,0
1055,"BIST Bankalar",0,0,"Mar 17, 2024",0,0,0
1056,"BIST Bankalar",9599.5,9757.3,"Mar 18, 2024",9516.8,9550.2,0
1057,"BIST Bankalar",10069.8,10085.1,"Mar 19, 2024",9574,9598.6,0
1058,"BIST Bankalar",10158.5,10328.1,"Mar 20, 2024",9960.1,10042,0
1059,"BIST Bankalar",10665.4,10863.4,"Mar 21, 2024",10215.7,10252.8,0
1060,"BIST Bankalar",10763.8,10902.7,"Mar 22, 2024",10612.6,10673.1,0
1061,"BIST Bankalar",0,0,"Mar 23, 2024",0,0,0
1062,"BIST Bankalar",0,0,"Mar 24, 2024",0,0,0
1063,"BIST Bankalar",10920.4,11393.6,"Mar 25, 2024",10646.5,10755.4,0
1064,"BIST Bankalar",10636.7,10975.9,"Mar 26, 2024",10579.6,10810.4,0
1065,"BIST Bankalar",10572.3,10764.5,"Mar 27, 2024",10496.3,10682.1,0
1066,"BIST Bankalar",11021.9,11124.3,"Mar 28, 2024",10634.6,10634.6,0
1067,"BIST Bankalar",10979.8,11150.7,"Mar 29, 2024",10920.5,11025.2,0
1068,"BIST Bankalar",9702.9,9765.8,"Feb 1, 2024",9570.2,9570.6,0
1069,"BIST Bankalar",9591.4,9836.6,"Feb 2, 2024",9545.5,9711.4,0
1070,"BIST Bankalar",0,0,"Feb 3, 2024",0,0,0
1071,"BIST Bankalar",0,0,"Feb 4, 2024",0,0,0
1072,"BIST Bankalar",9751.7,9879.2,"Feb 5, 2024",9669.5,9779.1,0
1073,"BIST Bankalar",9865.9,9871.7,"Feb 6, 2024",9707.1,9782.1,0
1074,"BIST Bankalar",9745.2,9942,"Feb 7, 2024",9710.3,9892.1,0
1075,"BIST Bankalar",9756.9,9858.6,"Feb 8, 2024",9747.5,9753.8,0
1076,"BIST Bankalar",9809.8,9903.4,"Feb 9, 2024",9645.7,9781.2,0
1077,"BIST Bankalar",0,0,"Feb 10, 2024",0,0,0
1078,"BIST Bankalar",0,0,"Feb 11, 2024",0,0,0
1079,"BIST Bankalar",10113.4,10113.4,"Feb 12, 2024",9847.2,9904,0
1080,"BIST Bankalar",10016,10293.7,"Feb 13, 2024",10016,10152.3,0
1081,"BIST Bankalar",10150.9,10171,"Feb 14, 2024",9872.1,10009.9,0
1082,"BIST Bankalar",10272.7,10386.4,"Feb 15, 2024",10151.9,10169.9,0
1083,"BIST Bankalar",10228.2,10334.3,"Feb 16, 2024",10185,10297.1,0
1084,"BIST Bankalar",0,0,"Feb 17, 2024",0,0,0
1085,"BIST Bankalar",0,0,"Feb 18, 2024",0,0,0
1086,"BIST Bankalar",0,0,"Feb 19, 2024",0,0,0
1087,"BIST Bankalar",10492,10546.8,"Feb 20, 2024",10187.5,10221.4,0
1088,"BIST Bankalar",10540.1,10670.2,"Feb 21, 2024",10424.9,10518,0
1089,"BIST Bankalar",10395.1,10690.2,"Feb 22, 2024",10289.8,10597.4,0
1090,"BIST Bankalar",10464.2,10509.7,"Feb 23, 2024",10256.8,10361.3,0
1091,"BIST Bankalar",0,0,"Feb 24, 2024",0,0,0
1092,"BIST Bankalar",0,0,"Feb 25, 2024",0,0,0
1093,"BIST Bankalar",10230.7,10480.9,"Feb 26, 2024",10164.8,10475.8,0
1094,"BIST Bankalar",10128,10304.8,"Feb 27, 2024",10120.5,10245.9,0
1095,"BIST Bankalar",9920.3,10175.4,"Feb 28, 2024",9912.3,10138,0
1096,"BIST Bankalar",10054.1,10097.8,"Feb 29, 2024",9932.7,9938,0
1097,"BIST Bankalar",0,0,"Jan 1, 2024",0,0,0
1098,"BIST Bankalar",8768,8894,"Jan 2, 2024",8682,8829.6,0
1099,"BIST Bankalar",8489.3,8785.8,"Jan 3, 2024",8489.3,8750.5,0
1100,"BIST Bankalar",8711.5,8727.5,"Jan 4, 2024",8392.6,8498,0
1101,"BIST Bankalar",8789.9,8790.7,"Jan 5, 2024",8644.6,8720.6,0
1102,"BIST Bankalar",0,0,"Jan 6, 2024",0,0,0
1103,"BIST Bankalar",0,0,"Jan 7, 2024",0,0,0
1104,"BIST Bankalar",9573.1,9589,"Jan 8, 2024",8930.8,8930.8,0
1105,"BIST Bankalar",9580.2,9892.6,"Jan 9, 2024",9477.8,9685.4,0
1106,"BIST Bankalar",9816.9,9862.2,"Jan 10, 2024",9525.1,9569.9,0
1107,"BIST Bankalar",9851.4,9977.1,"Jan 11, 2024",9764.1,9871.8,0
1108,"BIST Bankalar",10038.7,10275.2,"Jan 12, 2024",9577.9,9754.3,0
1109,"BIST Bankalar",0,0,"Jan 13, 2024",0,0,0
1110,"BIST Bankalar",0,0,"Jan 14, 2024",0,0,0
1111,"BIST Bankalar",9890,10022.9,"Jan 15, 2024",9856.5,10007.2,0
1112,"BIST Bankalar",9720.8,10021.6,"Jan 16, 2024",9655.3,9916.4,0
1113,"BIST Bankalar",9761.6,9886.9,"Jan 17, 2024",9665,9677.6,0
1114,"BIST Bankalar",9674,10007.8,"Jan 18, 2024",9674,9969.5,0
1115,"BIST Bankalar",9648.1,9753.8,"Jan 19, 2024",9547.3,9723.9,0
1116,"BIST Bankalar",0,0,"Jan 20, 2024",0,0,0
1117,"BIST Bankalar",0,0,"Jan 21, 2024",0,0,0
1118,"BIST Bankalar",9537.5,9616.6,"Jan 22, 2024",9431.9,9592.6,0
1119,"BIST Bankalar",9122.4,9692.8,"Jan 23, 2024",9074.1,9656.9,0
1120,"BIST Bankalar",9543.4,9656.2,"Jan 24, 2024",9127.2,9168,0
1121,"BIST Bankalar",9504.8,9737.9,"Jan 25, 2024",9422.2,9590.5,0
1122,"BIST Bankalar",9599.7,9651.3,"Jan 26, 2024",9451.4,9534.3,0
1123,"BIST Bankalar",0,0,"Jan 27, 2024",0,0,0
1124,"BIST Bankalar",0,0,"Jan 28, 2024",0,0,0
1125,"BIST Bankalar",9491,9661.7,"Jan 29, 2024",9440.2,9646.6,0
1126,"BIST Bankalar",9559.2,9653.1,"Jan 30, 2024",9479.8,9569.3,0
1127,"BIST Bankalar",9564.5,9657.5,"Jan 31, 2024",9453.1,9565.9,0
1128,"BIST Bankalar",8625.2,8741.1,"Dec 1, 2023",8538.3,8605.4,0
1129,"BIST Bankalar",0,0,"Dec 2, 2023",0,0,0
1130,"BIST Bankalar",0,0,"Dec 3, 2023",0,0,0
1131,"BIST Bankalar",8862.3,8867,"Dec 4, 2023",8557.1,8639.8,0
1132,"BIST Bankalar",8856.4,8916.4,"Dec 5, 2023",8800.9,8846.8,0
1133,"BIST Bankalar",8896.4,9174,"Dec 6, 2023",8850.9,8853,0
1134,"BIST Bankalar",8749.3,8884.8,"Dec 7, 2023",8511.9,8868,0
1135,"BIST Bankalar",8623.6,8831.9,"Dec 8, 2023",8566.5,8780.8,0
1136,"BIST Bankalar",0,0,"Dec 9, 2023",0,0,0
1137,"BIST Bankalar",0,0,"Dec 10, 2023",0,0,0
1138,"BIST Bankalar",8540.2,8702.3,"Dec 11, 2023",8500.8,8626.2,0
1139,"BIST Bankalar",8883.8,8964.5,"Dec 12, 2023",8523.4,8536,0
1140,"BIST Bankalar",8801.2,9144,"Dec 13, 2023",8800.4,8854,0
1141,"BIST Bankalar",9273.8,9351.1,"Dec 14, 2023",8916,8973.1,0
1142,"BIST Bankalar",9403.5,9606.8,"Dec 15, 2023",9276.3,9297,0
1143,"BIST Bankalar",0,0,"Dec 16, 2023",0,0,0
